{"cameraMode":{"drawMode":0,"name":"Shaded","section":"Shading Mode"},"sceneLighting":false,"audioPlay":false,"sceneViewState":{"showFog":true,"showMaterialUpdate":false,"showSkybox":false,"showFlares":true,"showImageEffects":true,"showParticleSystems":true},"in2DMode":false,"pivot":{"x":-0.0038538575172424318,"y":0.6110855340957642,"z":-0.010476529598236084},"rotation":{"x":-0.046092092990875247,"y":0.4869949221611023,"z":-0.02572639100253582,"w":-0.871833324432373},"size":4.911980628967285,"orthographic":true}