{"cameraMode":{"drawMode":0,"name":"Shaded","section":"Shading Mode"},"sceneLighting":false,"audioPlay":false,"sceneViewState":{"showFog":true,"showMaterialUpdate":false,"showSkybox":false,"showFlares":true,"showImageEffects":true,"showParticleSystems":true},"in2DMode":false,"pivot":{"x":481.744140625,"y":4.643022060394287,"z":28.821365356445314},"rotation":{"x":0.2201191931962967,"y":0.6113787293434143,"z":-0.18226602673530579,"w":0.738002359867096},"size":21.34950065612793,"orthographic":true}