{"cameraMode":{"drawMode":0,"name":"Shaded","section":"Shading Mode"},"sceneLighting":false,"audioPlay":false,"sceneViewState":{"showFog":true,"showMaterialUpdate":false,"showSkybox":false,"showFlares":true,"showImageEffects":true,"showParticleSystems":true},"in2DMode":false,"pivot":{"x":489.0248718261719,"y":6.707262992858887,"z":248.099609375},"rotation":{"x":0.2201191931962967,"y":0.6113787293434143,"z":-0.18226602673530579,"w":0.738002359867096},"size":30.408376693725587,"orthographic":true}