{"cameraMode":{"drawMode":0,"name":"Shaded","section":"Shading Mode"},"sceneLighting":false,"audioPlay":false,"sceneViewState":{"showFog":true,"showMaterialUpdate":false,"showSkybox":false,"showFlares":true,"showImageEffects":true,"showParticleSystems":true},"in2DMode":false,"pivot":{"x":13.864593505859375,"y":17.88344955444336,"z":117.798583984375},"rotation":{"x":0.00020777163445018232,"y":-0.9933047890663147,"z":0.11555131524801254,"w":0.0017802459187805653},"size":175.68637084960938,"orthographic":false}