{"cameraMode":{"drawMode":0,"name":"Shaded","section":"Shading Mode"},"sceneLighting":false,"audioPlay":false,"sceneViewState":{"showFog":true,"showMaterialUpdate":false,"showSkybox":false,"showFlares":true,"showImageEffects":true,"showParticleSystems":true},"in2DMode":false,"pivot":{"x":511.14630126953127,"y":6.663595199584961,"z":108.6777114868164},"rotation":{"x":-0.060000140219926837,"y":-0.6413748264312744,"z":0.050210628658533099,"w":-0.7633209824562073},"size":2.8578836917877199,"orthographic":true}