{"cameraMode":{"drawMode":0,"name":"Shaded","section":"Shading Mode"},"sceneLighting":false,"audioPlay":false,"sceneViewState":{"showFog":true,"showMaterialUpdate":false,"showSkybox":false,"showFlares":true,"showImageEffects":true,"showParticleSystems":true},"in2DMode":false,"pivot":{"x":3.010000228881836,"y":0.26718711853027346,"z":1.4099998474121094},"rotation":{"x":0.02185785211622715,"y":0.6475539207458496,"z":-0.018764493986964227,"w":0.7615317106246948},"size":2.8578836917877199,"orthographic":true}