{"cameraMode":{"drawMode":0,"name":"Shaded","section":"Shading Mode"},"sceneLighting":false,"audioPlay":false,"sceneViewState":{"showFog":true,"showMaterialUpdate":false,"showSkybox":false,"showFlares":true,"showImageEffects":true,"showParticleSystems":true},"in2DMode":false,"pivot":{"x":509.1248779296875,"y":4.139598369598389,"z":67.44346618652344},"rotation":{"x":-0.10589359700679779,"y":0.39768940210342409,"z":-0.04624944180250168,"w":-0.91023850440979},"size":27.79017448425293,"orthographic":true}