{"cameraMode":{"drawMode":0,"name":"Shaded","section":"Shading Mode"},"sceneLighting":false,"audioPlay":false,"sceneViewState":{"showFog":true,"showMaterialUpdate":false,"showSkybox":false,"showFlares":true,"showImageEffects":true,"showParticleSystems":true},"in2DMode":false,"pivot":{"x":541.6319580078125,"y":5.2982330322265629,"z":156.85775756835938},"rotation":{"x":-0.0001187186935567297,"y":-0.9999428987503052,"z":0.00031390454387292266,"w":0.01599944941699505},"size":2.8578836917877199,"orthographic":true}