{"cameraMode":{"drawMode":0,"name":"Shaded","section":"Shading Mode"},"sceneLighting":false,"audioPlay":false,"sceneViewState":{"showFog":true,"showMaterialUpdate":false,"showSkybox":false,"showFlares":true,"showImageEffects":true,"showParticleSystems":true},"in2DMode":false,"pivot":{"x":500.0115661621094,"y":1.833256721496582,"z":30.031431198120118},"rotation":{"x":-0.060000140219926837,"y":-0.6413748264312744,"z":0.050210628658533099,"w":-0.7633209824562073},"size":14.73595142364502,"orthographic":true}