{"cameraMode":{"drawMode":0,"name":"Shaded","section":"Shading Mode"},"sceneLighting":false,"audioPlay":false,"sceneViewState":{"showFog":true,"showMaterialUpdate":false,"showSkybox":false,"showFlares":true,"showImageEffects":true,"showParticleSystems":true},"in2DMode":false,"pivot":{"x":566.6165161132813,"y":12.314702033996582,"z":138.84417724609376},"rotation":{"x":0.03617575392127037,"y":0.08490918576717377,"z":-0.0030817403458058836,"w":0.9958169460296631},"size":419.9561462402344,"orthographic":false}