{"cameraMode":{"drawMode":0,"name":"Shaded","section":"Shading Mode"},"sceneLighting":false,"audioPlay":false,"sceneViewState":{"showFog":true,"showMaterialUpdate":false,"showSkybox":false,"showFlares":true,"showImageEffects":true,"showParticleSystems":true},"in2DMode":false,"pivot":{"x":0.053623080253601077,"y":4.0,"z":1.3180363178253174},"rotation":{"x":-0.0827174261212349,"y":0.00689350999891758,"z":-0.000438295683125034,"w":-0.9965894818305969},"size":2.8578836917877199,"orthographic":true}