{"cameraMode":{"drawMode":0,"name":"Shaded","section":"Shading Mode"},"sceneLighting":false,"audioPlay":false,"sceneViewState":{"showFog":true,"showMaterialUpdate":false,"showSkybox":false,"showFlares":true,"showImageEffects":true,"showParticleSystems":true},"in2DMode":false,"pivot":{"x":541.6319580078125,"y":7.7882232666015629,"z":135.35775756835938},"rotation":{"x":0.0003025527112185955,"y":0.9969859719276428,"z":-0.003297986928373575,"w":0.07866476476192475},"size":1155.3338623046875,"orthographic":false}