{"cameraMode":{"drawMode":0,"name":"Shaded","section":"Shading Mode"},"sceneLighting":false,"audioPlay":false,"sceneViewState":{"showFog":true,"showMaterialUpdate":false,"showSkybox":false,"showFlares":true,"showImageEffects":true,"showParticleSystems":true},"in2DMode":false,"pivot":{"x":494.27825927734377,"y":9.186043739318848,"z":28.222732543945314},"rotation":{"x":-0.060862038284540179,"y":0.1707424372434616,"z":-0.010556655004620552,"w":-0.9833980798721314},"size":42.69906234741211,"orthographic":true}